{
  "train": {
    "mae": 0.280034481570813,
    "rmse": 0.4346517956945834,
    "r2": 0.9807039392013894
  },
  "test": {
    "mae": 1.1905117651460488,
    "rmse": 2.12454133150337,
    "r2": 0.8508312588685596
  },
  "baseline": {
    "mae": 1.7568210042060979
  }
}